"Gene";"Waves";"Gene.Clusters";"q.val"
"Ttr";"Ttr";1;"Clust.1";7.52994756909694e-155
"Sulf1";"Sulf1";1;"Clust.1";2.62436841557148e-60
"Apoe";"Apoe";1;"Clust.1";1.41671852002523e-15
"Ccno";"Ccno";1;"Clust.1";5.96998432637974e-185
"Ezr";"Ezr";1;"Clust.1";3.85831775827616e-22
"Cdkn1c";"Cdkn1c";1;"Clust.1";9.03132836410377e-46
"Sostdc1";"Sostdc1";1;"Clust.1";9.26044567684455e-77
"Mest";"Mest";1;"Clust.1";2.62318370689869e-56
"Lhx2";"Lhx2";1;"Clust.1";1.63911031750732e-06
"Gmnc";"Gmnc";1;"Clust.1";3.94291154840995e-58
"Trp73";"Trp73";1;"Clust.1";4.85112037320142e-88
"Colec12";"Colec12";1;"Clust.1";8.31749214416319e-32
"Zic4";"Zic4";1;"Clust.1";9.65027449074474e-14
"Slc6a15";"Slc6a15";1;"Clust.1";2.6201673144962e-41
"Trpm3";"Trpm3";1;"Clust.1";1.3647874076142e-58
"Twist1";"Twist1";1;"Clust.1";4.32418566242794e-05
"Sstr2";"Sstr2";1;"Clust.1";1.85225858060633e-12
"Htr2c";"Htr2c";1;"Clust.1";8.88336402529353e-115
"Krt8";"Krt8";1;"Clust.1";7.68861204906644e-16
"Ednrb";"Ednrb";1;"Clust.1";5.25559538974047e-17
"Csrp2";"Csrp2";1;"Clust.1";1.56615543495767e-151
"Ooep";"Ooep";1;"Clust.1";2.02858339380412e-31
"Maf";"Maf";1;"Clust.1";1.41051167293063e-30
"Chrna3";"Chrna3";1;"Clust.1";3.29559187171086e-43
"Igfbp2";"Igfbp2";1;"Clust.1";4.85182147619914e-27
"Cthrc1";"Cthrc1";1;"Clust.1";2.39656627279792e-08
"Car2";"Car2";1;"Clust.1";1.50895688494022e-24
"E2f7";"E2f7";1;"Clust.1";2.144066592671e-65
"Pdzd2";"Pdzd2";1;"Clust.1";9.7933442883961e-34
"Sparc";"Sparc";1;"Clust.1";3.52522301749292e-28
"Nrp1";"Nrp1";1;"Clust.1";1.2328587279271e-12
"Rbm47";"Rbm47";1;"Clust.1";1.38919515817478e-12
"Folr1";"Folr1";1;"Clust.1";5.59070561822719e-13
"Lrrn1";"Lrrn1";1;"Clust.1";7.86233313307069e-06
"Emb";"Emb";1;"Clust.1";5.607337761848e-18
"Clu";"Clu";1;"Clust.1";1.63689752222496e-15
"Ctsd";"Ctsd";1;"Clust.1";2.54498275174464e-08
"Chodl";"Chodl";1;"Clust.1";4.62401099589268e-14
"Ogn";"Ogn";1;"Clust.1";8.98149125940203e-76
"Ccnd1";"Ccnd1";1;"Clust.1";1.95648715061286e-32
"Spry1";"Spry1";1;"Clust.1";8.42067569011802e-12
"Gdf5";"Gdf5";1;"Clust.1";6.90173892768517e-11
"Egr1";"Egr1";1;"Clust.1";3.33441705250475e-06
"Kcnq1ot1";"Kcnq1ot1";1;"Clust.1";5.35552766297598e-08
"Pou2f2";"Pou2f2";1;"Clust.1";6.60255036039512e-08
"Lmo4";"Lmo4";1;"Clust.1";1.38703971925618e-12
"Vat1l";"Vat1l";1;"Clust.1";8.36840586412774e-23
"Pou3f2";"Pou3f2";1;"Clust.1";5.82360021506419e-37
"Cebpb";"Cebpb";1;"Clust.1";5.56575133334926e-11
"Tfap2e";"Tfap2e";1;"Clust.1";2.76258679272422e-09
"Gpc3";"Gpc3";1;"Clust.1";3.144022925395e-17
"Olfm1";"Olfm1";1;"Clust.1";3.2590191186262e-11
"Eva1b";"Eva1b";1;"Clust.1";3.72458657413391e-24
"Npr3";"Npr3";1;"Clust.1";8.56953732256791e-17
"Yjefn3";"Yjefn3";1;"Clust.1";1.57157524475464e-24
"Igf1";"Igf1";1;"Clust.1";1.89824615344787e-10
"Calcrl";"Calcrl";1;"Clust.1";3.55146261279408e-25
"Slc16a10";"Slc16a10";1;"Clust.1";1.4355927123253e-46
"Cald1";"Cald1";1;"Clust.1";8.21528309482709e-15
"Cntn1";"Cntn1";1;"Clust.1";1.41226524088521e-25
"Gadd45b";"Gadd45b";1;"Clust.1";1.80811129480159e-17
"Rab15";"Rab15";1;"Clust.1";7.42028937699897e-46
"Irf2bpl";"Irf2bpl";1;"Clust.1";8.22534255846702e-17
"Gm13111";"Gm13111";1;"Clust.1";2.42769965429533e-24
"Clmn";"Clmn";1;"Clust.1";4.65177203570797e-26
"Cyr61";"Cyr61";1;"Clust.1";9.0708588442202e-12
"Myb";"Myb";1;"Clust.1";5.92070800175205e-112
"Slc16a6";"Slc16a6";1;"Clust.1";6.70310439634472e-24
"Casp7";"Casp7";1;"Clust.1";4.57468711074682e-74
"Slc30a10";"Slc30a10";1;"Clust.1";3.12076604695324e-05
"Nrep";"Nrep";1;"Clust.1";1.06031155008446e-08
"Daam1";"Daam1";1;"Clust.1";3.26545081157054e-13
"Fam84b";"Fam84b";1;"Clust.1";4.49537817416989e-19
"Pdpn";"Pdpn";1;"Clust.1";2.71729959567123e-09
"Cxxc5";"Cxxc5";1;"Clust.1";5.31982618289006e-06
"Prdm16";"Prdm16";1;"Clust.1";7.86077967626254e-13
"Zfhx3";"Zfhx3";1;"Clust.1";3.99318305142053e-06
"Rbms1";"Rbms1";1;"Clust.1";5.92119944301028e-12
"Itgb5";"Itgb5";1;"Clust.1";6.56584795329535e-07
"Sptbn1";"Sptbn1";1;"Clust.1";9.40282662868374e-10
"Tbx1";"Tbx1";1;"Clust.1";2.25500381959414e-05
"Pnpla2";"Pnpla2";1;"Clust.1";1.3726344326139e-28
"Atp2b2";"Atp2b2";1;"Clust.1";6.22172106203088e-11
"Gm29478";"Gm29478";1;"Clust.1";3.93424731437462e-20
"Ccne1";"Ccne1";1;"Clust.1";2.07054914090486e-21
"Fam212a";"Fam212a";1;"Clust.1";1.13716611121427e-11
"Timp3";"Timp3";1;"Clust.1";1.59969966651791e-06
"Sez6";"Sez6";1;"Clust.1";2.75319868662554e-05
"Cadm1";"Cadm1";1;"Clust.1";6.76230201173776e-07
"Pcdh9";"Pcdh9";1;"Clust.1";2.24253235252001e-06
"Il1rap";"Il1rap";1;"Clust.1";1.29979995609753e-14
"Tm6sf1";"Tm6sf1";1;"Clust.1";2.50713399962567e-05
"Gabra2";"Gabra2";1;"Clust.1";6.83650170168636e-06
"Gabrg1";"Gabrg1";1;"Clust.1";6.01523694584735e-19
"Ndrg2";"Ndrg2";1;"Clust.1";4.08724429418388e-30
"Ahnak";"Ahnak";1;"Clust.1";4.10925859948096e-05
"Cgnl1";"Cgnl1";1;"Clust.1";2.04932835310715e-06
"Crb3";"Crb3";1;"Clust.1";3.74582041962432e-15
"Manf";"Manf";1;"Clust.1";6.47279574518437e-08
"D430041D05Rik";"D430041D05Rik";1;"Clust.1";8.89441894000317e-63
"Plagl1";"Plagl1";1;"Clust.1";1.07231986877756e-40
"Mitf";"Mitf";1;"Clust.1";1.27579563364831e-05
"A830018L16Rik";"A830018L16Rik";1;"Clust.1";8.39179922619799e-07
"Nr3c1";"Nr3c1";1;"Clust.1";1.11221542544098e-26
"Tmem176b";"Tmem176b";1;"Clust.1";2.93149455093014e-12
"Phactr2";"Phactr2";1;"Clust.1";2.61182797519198e-20
"Trim62";"Trim62";1;"Clust.1";1.00373202404874e-05
"Cd151";"Cd151";1;"Clust.1";1.24457072735272e-09
"Pcolce2";"Pcolce2";1;"Clust.1";1.8877258232969e-13
"Mgll";"Mgll";1;"Clust.1";4.48963547283113e-06
"Bcam";"Bcam";1;"Clust.1";8.12659301330161e-10
"Cldn1";"Cldn1";1;"Clust.1";1.37236635339451e-08
"Wrap73";"Wrap73";1;"Clust.1";8.13147274117545e-11
"Nkain3";"Nkain3";1;"Clust.1";7.99539573171026e-06
"Mdfic";"Mdfic";1;"Clust.1";1.19906661114748e-12
"Mip";"Mip";1;"Clust.1";1.45392087374786e-07
"Tenm2";"Tenm2";1;"Clust.1";1.04624405069361e-10
"Enpp2";"Enpp2";1;"Clust.1";7.06995379734978e-21
"Tshz1";"Tshz1";1;"Clust.1";3.86075526592085e-20
"Cntfr";"Cntfr";1;"Clust.1";2.42744712880421e-13
"Shisa6";"Shisa6";1;"Clust.1";1.37589365275599e-15
"Dock10";"Dock10";1;"Clust.1";4.43485213102025e-16
"Cftr";"Cftr";1;"Clust.1";7.07194920835859e-26
"Cdkn1a";"Cdkn1a";2;"Clust.2";1.50030913529064e-81
"Dynlrb2";"Dynlrb2";2;"Clust.2";0
"Malat1";"Malat1";2;"Clust.2";1.76105397670406e-53
"Mlf1";"Mlf1";2;"Clust.2";0
"Cfap126";"Cfap126";2;"Clust.2";0
"Shisa8";"Shisa8";2;"Clust.2";7.9237991625224e-234
"Kcne2";"Kcne2";2;"Clust.2";6.04328674107681e-149
"Ccdc67";"Ccdc67";2;"Clust.2";0
"Foxj1";"Foxj1";2;"Clust.2";2.45246108265413e-290
"Meig1";"Meig1";2;"Clust.2";0
"Igsf8";"Igsf8";2;"Clust.2";5.59160971037883e-50
"Rsph1";"Rsph1";2;"Clust.2";0
"1110017D15Rik";"1110017D15Rik";2;"Clust.2";0
"Clic6";"Clic6";2;"Clust.2";6.26075226411308e-58
"Pifo";"Pifo";2;"Clust.2";0
"Phlda3";"Phlda3";2;"Clust.2";5.31471314425367e-19
"S100a6";"S100a6";2;"Clust.2";3.33455454550337e-18
"Ly6h";"Ly6h";2;"Clust.2";1.36622745114879e-07
"Col4a2";"Col4a2";2;"Clust.2";1.44386397202404e-08
"Cks2";"Cks2";2;"Clust.2";1.97655588397871e-08
"Mcidas";"Mcidas";2;"Clust.2";1.80426483249575e-199
"Anxa5";"Anxa5";2;"Clust.2";1.11656432579128e-15
"Sorbs2";"Sorbs2";2;"Clust.2";4.52970067012994e-17
"1700012B09Rik";"1700012B09Rik";2;"Clust.2";1.82349908950016e-199
"H2afx";"H2afx";2;"Clust.2";3.56941664075234e-16
"Zmynd10";"Zmynd10";2;"Clust.2";3.15080700401948e-313
"Lrriq1";"Lrriq1";2;"Clust.2";6.63619016681829e-247
"Hexb";"Hexb";2;"Clust.2";2.30858187746986e-20
"Sfn";"Sfn";2;"Clust.2";1.64216580023821e-98
"Fam183b";"Fam183b";2;"Clust.2";8.71986344560399e-253
"Tubb4b";"Tubb4b";2;"Clust.2";2.44745478913258e-30
"Ifitm3";"Ifitm3";2;"Clust.2";2.26505076364596e-19
"Col26a1";"Col26a1";2;"Clust.2";4.73444102538336e-09
"Cdk1";"Cdk1";2;"Clust.2";3.59976334836339e-71
"Ccdc39";"Ccdc39";2;"Clust.2";6.34941713433426e-273
"Ccdc113";"Ccdc113";2;"Clust.2";9.03725900751298e-264
"Tekt1";"Tekt1";2;"Clust.2";0
"Kcnj13";"Kcnj13";2;"Clust.2";1.75173136448808e-108
"Arpc1b";"Arpc1b";2;"Clust.2";5.17577727288548e-38
"Cfap45";"Cfap45";2;"Clust.2";1.251085556522e-229
"Morn5";"Morn5";2;"Clust.2";6.06337217220946e-206
"Tex15";"Tex15";2;"Clust.2";1.04053626998482e-12
"1500015O10Rik";"1500015O10Rik";2;"Clust.2";3.70608320567055e-56
"1700016K19Rik";"1700016K19Rik";2;"Clust.2";2.47261434619237e-246
"Neat1";"Neat1";2;"Clust.2";1.35906004969516e-68
"Riiad1";"Riiad1";2;"Clust.2";5.10223781051704e-254
"Spag6l";"Spag6l";2;"Clust.2";6.85502145679074e-253
"Calml4";"Calml4";2;"Clust.2";4.53477572311042e-64
"Itm2b";"Itm2b";2;"Clust.2";1.98064910681897e-21
"Nme5";"Nme5";2;"Clust.2";7.64164640731132e-242
"Dnajb13";"Dnajb13";2;"Clust.2";7.93660682129089e-170
"Ak7";"Ak7";2;"Clust.2";1.47342979803639e-122
"Ube2s";"Ube2s";2;"Clust.2";1.80834021569911e-09
"Cfap52";"Cfap52";2;"Clust.2";7.92521970304723e-237
"Cfap206";"Cfap206";2;"Clust.2";9.48849305655879e-216
"Lrrc48";"Lrrc48";2;"Clust.2";1.49151597647867e-186
"Nkd1";"Nkd1";2;"Clust.2";4.54977879282805e-05
"Plvap";"Plvap";2;"Clust.2";9.39602287710151e-178
"Fam81b";"Fam81b";2;"Clust.2";3.54756966364787e-124
"Ccdc146";"Ccdc146";2;"Clust.2";6.94975425214238e-174
"Cav2";"Cav2";2;"Clust.2";4.19154692909571e-77
"Smc4";"Smc4";2;"Clust.2";8.18167436068531e-09
"Spef2";"Spef2";2;"Clust.2";1.11956991039103e-189
"Iqub";"Iqub";2;"Clust.2";5.71186050314277e-203
"Cfap53";"Cfap53";2;"Clust.2";1.0511844850924e-132
"Enkur";"Enkur";2;"Clust.2";6.49007016000582e-215
"Perp";"Perp";2;"Clust.2";9.51554666402074e-10
"Cox6b2";"Cox6b2";2;"Clust.2";4.96464670799623e-108
"1700028P14Rik";"1700028P14Rik";2;"Clust.2";9.70920543425625e-211
"Slc16a2";"Slc16a2";2;"Clust.2";3.77913135034296e-06
"Spag17";"Spag17";2;"Clust.2";1.95798471029097e-88
"Ctsh";"Ctsh";2;"Clust.2";7.1225560963849e-40
"Anxa6";"Anxa6";2;"Clust.2";3.13460232080662e-15
"Plk2";"Plk2";2;"Clust.2";6.59843991668399e-20
"Serpinb1b";"Serpinb1b";2;"Clust.2";1.46685871042649e-113
"Clybl";"Clybl";2;"Clust.2";2.54087190045916e-100
"Aebp1";"Aebp1";2;"Clust.2";7.32821873516875e-43
"Pthlh";"Pthlh";2;"Clust.2";2.35523805069361e-43
"Pidd1";"Pidd1";2;"Clust.2";5.36288058587804e-143
"Dnaic2";"Dnaic2";2;"Clust.2";3.22986505915289e-171
"Gm26725";"Gm26725";2;"Clust.2";6.20958275791576e-38
"Tekt4";"Tekt4";2;"Clust.2";1.36408373109015e-131
"Rsph4a";"Rsph4a";2;"Clust.2";2.16574098137519e-176
"Hsp90aa1";"Hsp90aa1";2;"Clust.2";0
"Hspa8";"Hspa8";2;"Clust.2";3.50832731121229e-123
"Cnih2";"Cnih2";2;"Clust.2";2.69796037457014e-36
"Pak3";"Pak3";2;"Clust.2";4.91254330321879e-12
"2410004P03Rik";"2410004P03Rik";2;"Clust.2";5.10908604971097e-138
"Rsad2";"Rsad2";2;"Clust.2";3.35661254110661e-09
"Cfap161";"Cfap161";2;"Clust.2";7.3085792553913e-149
"Cfap36";"Cfap36";2;"Clust.2";2.59539601558368e-261
"Rnase4";"Rnase4";2;"Clust.2";6.04905153328154e-50
"1110004E09Rik";"1110004E09Rik";2;"Clust.2";1.9118428512803e-303
"4833427G06Rik";"4833427G06Rik";2;"Clust.2";1.87191776467065e-132
"Lrrc46";"Lrrc46";2;"Clust.2";1.11459778960877e-189
"Spag8";"Spag8";2;"Clust.2";3.71708421229006e-147
"Npnt";"Npnt";2;"Clust.2";1.0202118950098e-44
"1700007G11Rik";"1700007G11Rik";2;"Clust.2";8.29760106288941e-59
"Nkain4";"Nkain4";2;"Clust.2";5.55562497577176e-114
"Cdc42ep3";"Cdc42ep3";2;"Clust.2";1.71961529100431e-21
"Efcab10";"Efcab10";2;"Clust.2";6.8685116113174e-96
"Cfap44";"Cfap44";2;"Clust.2";1.72407695920204e-124
"Dynll1";"Dynll1";2;"Clust.2";3.3542727635526e-49
"Sox9";"Sox9";2;"Clust.2";5.03191268926731e-46
"1700007K13Rik";"1700007K13Rik";2;"Clust.2";5.58175119095355e-145
"Tctex1d1";"Tctex1d1";2;"Clust.2";4.70533016357451e-79
"Dcdc2a";"Dcdc2a";2;"Clust.2";3.39425625690831e-97
"BC051019";"BC051019";2;"Clust.2";2.0859974792477e-32
"Pcp4l1";"Pcp4l1";2;"Clust.2";2.48690502451728e-05
"Lmo1";"Lmo1";2;"Clust.2";1.93253860211123e-28
"Fank1";"Fank1";2;"Clust.2";5.61649482834809e-126
"Abcg5";"Abcg5";2;"Clust.2";6.31419127891344e-28
"Ppp1r32";"Ppp1r32";2;"Clust.2";1.66455472215972e-127
"Serpinh1";"Serpinh1";2;"Clust.2";1.4570046231216e-13
"Ttc21a";"Ttc21a";2;"Clust.2";7.17975791966997e-111
"Ube2u";"Ube2u";2;"Clust.2";7.34891923044907e-122
"Gdpd1";"Gdpd1";2;"Clust.2";5.53362847638997e-18
"1700088E04Rik";"1700088E04Rik";2;"Clust.2";1.95584617757744e-155
"Carhsp1";"Carhsp1";2;"Clust.2";1.82669358738327e-10
"D630023F18Rik";"D630023F18Rik";2;"Clust.2";5.20534226640486e-14
"4932438H23Rik";"4932438H23Rik";2;"Clust.2";3.58206628908604e-129
"Fth1";"Fth1";2;"Clust.2";1.79474284255815e-16
"Fhad1";"Fhad1";2;"Clust.2";9.45538123560333e-111
"Irx5";"Irx5";2;"Clust.2";8.05691369231429e-25
"Iqcg";"Iqcg";2;"Clust.2";3.64746946434044e-159
"Tbc1d9";"Tbc1d9";2;"Clust.2";3.48208710236922e-65
"Slco1c1";"Slco1c1";2;"Clust.2";2.10309723719795e-44
"Mrps6";"Mrps6";2;"Clust.2";2.46272761396496e-89
"Ccpg1os";"Ccpg1os";2;"Clust.2";2.42565864741743e-153
"Mef2c";"Mef2c";2;"Clust.2";2.77332176234031e-05
"Tspo";"Tspo";2;"Clust.2";2.13547471388099e-09
"Wdr66";"Wdr66";2;"Clust.2";1.51766553433871e-63
"Slitrk6";"Slitrk6";2;"Clust.2";5.97325520072025e-57
"Lamb1";"Lamb1";2;"Clust.2";6.1536081994164e-22
"Kctd12";"Kctd12";2;"Clust.2";7.36905054593103e-37
"Gsta4";"Gsta4";2;"Clust.2";7.41648454483746e-30
"Ccdc108";"Ccdc108";2;"Clust.2";2.68725564588386e-81
"1700003E16Rik";"1700003E16Rik";2;"Clust.2";1.26879032404309e-113
"6820408C15Rik";"6820408C15Rik";2;"Clust.2";1.64804631208745e-120
"Pmp22";"Pmp22";2;"Clust.2";2.38105870561936e-22
"Dnah7a";"Dnah7a";2;"Clust.2";3.1903339834555e-128
"Slc14a2";"Slc14a2";2;"Clust.2";4.5997534637907e-26
"Pltp";"Pltp";2;"Clust.2";5.25235130313427e-48
"Cst3";"Cst3";2;"Clust.2";2.61560784732025e-102
"Aard";"Aard";2;"Clust.2";8.97174925127119e-41
"1700086L19Rik";"1700086L19Rik";2;"Clust.2";1.95069170642763e-42
"Ccdc60";"Ccdc60";2;"Clust.2";6.24236351156439e-66
"Kctd1";"Kctd1";2;"Clust.2";3.12067222910075e-37
"Wdr63";"Wdr63";2;"Clust.2";7.66190537222748e-115
"Ttc25";"Ttc25";2;"Clust.2";1.68900987532688e-101
"Kif9";"Kif9";2;"Clust.2";1.54180448351813e-120
"9530053A07Rik";"9530053A07Rik";2;"Clust.2";4.82605015114438e-16
"Dusp15";"Dusp15";2;"Clust.2";4.61480831976576e-06
"Slc35g3";"Slc35g3";2;"Clust.2";9.7150523295758e-49
"Lrrc23";"Lrrc23";2;"Clust.2";7.94506999090589e-111
"Traf3ip2";"Traf3ip2";2;"Clust.2";2.45960914937678e-42
"Pdgfa";"Pdgfa";2;"Clust.2";9.91952888912003e-18
"Cldn3";"Cldn3";2;"Clust.2";9.03445110263021e-26
"Gm29538";"Gm29538";2;"Clust.2";5.70785245818962e-59
"Calm2";"Calm2";2;"Clust.2";1.67213853128703e-39
"Arl4a";"Arl4a";2;"Clust.2";3.96069281932227e-38
"Ankrd66";"Ankrd66";2;"Clust.2";4.11858630506516e-33
"Drc1";"Drc1";2;"Clust.2";9.14159346171327e-105
"Slc1a2";"Slc1a2";2;"Clust.2";5.28974963643178e-33
"Tcp11";"Tcp11";2;"Clust.2";3.79965064125281e-89
"Slc5a3";"Slc5a3";2;"Clust.2";1.32699925215404e-22
"Fam216a";"Fam216a";2;"Clust.2";1.39708810010744e-237
"Acyp1";"Acyp1";2;"Clust.2";6.33316235703499e-210
"Cdc20b";"Cdc20b";2;"Clust.2";1.36601741071014e-101
"Fbxo36";"Fbxo36";2;"Clust.2";2.52253528608175e-128
"Smim5";"Smim5";2;"Clust.2";5.02241048740192e-32
"Lrrc10b";"Lrrc10b";2;"Clust.2";3.14614144267206e-105
"Fam81a";"Fam81a";2;"Clust.2";1.14301547632855e-49
"Kdm5b";"Kdm5b";2;"Clust.2";1.05344984409898e-20
"Ndufaf3";"Ndufaf3";2;"Clust.2";1.13509537904986e-157
"Nudc";"Nudc";2;"Clust.2";0
"Lhb";"Lhb";2;"Clust.2";1.9818379149543e-80
"Snhg11";"Snhg11";2;"Clust.2";9.52549092682289e-08
"Cfap69";"Cfap69";2;"Clust.2";1.17785446233901e-97
"Lhfpl2";"Lhfpl2";2;"Clust.2";3.97333827664177e-23
"Lurap1l";"Lurap1l";2;"Clust.2";3.9603750819617e-19
"Pacrg";"Pacrg";2;"Clust.2";5.88379525930261e-95
"Ppp1r36";"Ppp1r36";2;"Clust.2";3.48545309764936e-53
"Slc4a5";"Slc4a5";2;"Clust.2";4.97224926352161e-09
"Ccdc81";"Ccdc81";2;"Clust.2";4.40273642354739e-55
"Map9";"Map9";2;"Clust.2";3.56638000185335e-87
"Irx3";"Irx3";2;"Clust.2";1.48506858849967e-05
"Tmem107";"Tmem107";2;"Clust.2";1.15194506052955e-139
"Wscd1";"Wscd1";2;"Clust.2";1.92580078205101e-63
"Spa17";"Spa17";2;"Clust.2";4.89116906049139e-130
"Wdr78";"Wdr78";2;"Clust.2";4.68984054071331e-65
"Prelp";"Prelp";2;"Clust.2";5.06934456143759e-09
"Pih1d2";"Pih1d2";2;"Clust.2";8.87623575394139e-148
"Cfap57";"Cfap57";2;"Clust.2";6.28476782322999e-39
"Arsg";"Arsg";2;"Clust.2";1.31400748468922e-48
"Dpcd";"Dpcd";2;"Clust.2";3.11297775620271e-105
"Tango6";"Tango6";2;"Clust.2";4.61868994250886e-107
"Hdc";"Hdc";2;"Clust.2";1.07906219197641e-44
"Dnah3";"Dnah3";2;"Clust.2";1.58947762730917e-20
"Hpcal1";"Hpcal1";2;"Clust.2";3.41150498282793e-17
"Saxo2";"Saxo2";2;"Clust.2";7.25861998976276e-114
"Capsl";"Capsl";2;"Clust.2";1.30087572697961e-51
"Ccdc34";"Ccdc34";2;"Clust.2";2.35358900442452e-108
"Ubxn10";"Ubxn10";2;"Clust.2";9.12637284740774e-101
"Iqca";"Iqca";2;"Clust.2";9.81164584635058e-67
"Slc12a2";"Slc12a2";2;"Clust.2";5.81733029049489e-113
"Crip2";"Crip2";2;"Clust.2";1.02045849434628e-18
"Rsph9";"Rsph9";2;"Clust.2";1.34336573897739e-116
"Hspa4l";"Hspa4l";2;"Clust.2";1.36615535649568e-75
"Jund";"Jund";2;"Clust.2";5.64588762511684e-06
"Gpm6a";"Gpm6a";2;"Clust.2";3.40597219462673e-07
"1700026L06Rik";"1700026L06Rik";2;"Clust.2";1.18189492124975e-52
"Efcab1";"Efcab1";2;"Clust.2";5.56884694994954e-102
"Stk33";"Stk33";2;"Clust.2";9.36284834999724e-57
"Trp53inp1";"Trp53inp1";2;"Clust.2";2.34772274646124e-21
"Rd3";"Rd3";2;"Clust.2";6.78769201603217e-65
"Lrrc34";"Lrrc34";2;"Clust.2";3.35037553337444e-88
"Acadl";"Acadl";2;"Clust.2";8.16912307865271e-50
"Cntrl";"Cntrl";2;"Clust.2";8.19926538264886e-99
"Tsnaxip1";"Tsnaxip1";2;"Clust.2";3.10004810312892e-47
"D430042O09Rik";"D430042O09Rik";2;"Clust.2";5.30435333226499e-136
"Erich2";"Erich2";2;"Clust.2";7.40995927499546e-98
"Oscp1";"Oscp1";2;"Clust.2";1.30214242700324e-129
"Ccng1";"Ccng1";2;"Clust.2";1.05850485750134e-08
"Cd59a";"Cd59a";2;"Clust.2";9.52549092682289e-08
"Cfap54";"Cfap54";2;"Clust.2";3.60090967376316e-89
"Armc4";"Armc4";2;"Clust.2";3.76339433286266e-38
"1500035N22Rik";"1500035N22Rik";2;"Clust.2";4.43833778577575e-17
"Ubxn11";"Ubxn11";2;"Clust.2";2.12742904639332e-92
"Tmem176a";"Tmem176a";2;"Clust.2";2.31549881938923e-15
"Dapl1";"Dapl1";2;"Clust.2";7.31745618865529e-09
"1110032A03Rik";"1110032A03Rik";2;"Clust.2";9.13240519459032e-124
"Dnm3";"Dnm3";2;"Clust.2";6.49609162248141e-06
"Odf3b";"Odf3b";2;"Clust.2";6.5551084370285e-42
"Ift22";"Ift22";2;"Clust.2";7.88210309828817e-173
"Spsb1";"Spsb1";2;"Clust.2";1.77518409961984e-05
"Baiap2";"Baiap2";2;"Clust.2";3.93747161048806e-12
"Calm1";"Calm1";2;"Clust.2";2.45017706620823e-07
"Smim22";"Smim22";2;"Clust.2";9.79081833552893e-27
"Gm16006";"Gm16006";2;"Clust.2";4.98440140082056e-47
"Ccdc17";"Ccdc17";2;"Clust.2";1.55717750200572e-12
"Ext1";"Ext1";2;"Clust.2";1.54608741842291e-05
"Zbbx";"Zbbx";2;"Clust.2";2.15980167984048e-74
"Drc7";"Drc7";2;"Clust.2";1.54495889382508e-31
"Tulp4";"Tulp4";2;"Clust.2";2.17090328821747e-34
"Hydin";"Hydin";2;"Clust.2";9.65091697982286e-47
"Metrn";"Metrn";2;"Clust.2";6.84835495853679e-12
"Dalrd3";"Dalrd3";2;"Clust.2";6.86789751936066e-131
"Prrt1";"Prrt1";2;"Clust.2";4.86948370766485e-27
"Cetn2";"Cetn2";2;"Clust.2";2.55766178134196e-187
"A930003A15Rik";"A930003A15Rik";2;"Clust.2";1.05657262553047e-17
"Ociad2";"Ociad2";2;"Clust.2";8.63084551791376e-14
"Hist1h1c";"Hist1h1c";2;"Clust.2";2.42940806524709e-11
"Mns1";"Mns1";2;"Clust.2";3.45571697216769e-69
"Ccdc65";"Ccdc65";2;"Clust.2";2.63226630861179e-53
"Ttc30b";"Ttc30b";2;"Clust.2";8.89484136665203e-85
"Aifm3";"Aifm3";2;"Clust.2";1.54900161790815e-14
"Nrsn2";"Nrsn2";2;"Clust.2";7.27274986764607e-11
"Hspa2";"Hspa2";2;"Clust.2";1.11353456284603e-112
"Spint2";"Spint2";2;"Clust.2";3.18913138472744e-79
"Ak9";"Ak9";2;"Clust.2";5.5374565756739e-60
"Ypel3";"Ypel3";2;"Clust.2";1.90300296627305e-08
"Armc3";"Armc3";2;"Clust.2";1.16594080211533e-56
"Map3k19";"Map3k19";2;"Clust.2";1.01880881373747e-36
"Maats1";"Maats1";2;"Clust.2";1.0133339427028e-67
"Calhm2";"Calhm2";2;"Clust.2";4.04094594477364e-05
"Vwa3a";"Vwa3a";2;"Clust.2";1.24068719287324e-67
"Efhc1";"Efhc1";2;"Clust.2";9.87396179486738e-79
"Akap14";"Akap14";2;"Clust.2";1.36921025490987e-54
"Catip";"Catip";2;"Clust.2";8.3061626522639e-50
"1700040L02Rik";"1700040L02Rik";2;"Clust.2";1.73213162463314e-46
"Elmod1";"Elmod1";2;"Clust.2";4.97054942702745e-21
"Mdm2";"Mdm2";2;"Clust.2";1.3629810627052e-31
"Iqgap2";"Iqgap2";2;"Clust.2";1.27519631062882e-38
"Dnali1";"Dnali1";2;"Clust.2";2.21087617096164e-87
"Ccser1";"Ccser1";2;"Clust.2";2.95625368534885e-06
"Cyth2";"Cyth2";2;"Clust.2";1.50049035951779e-38
"Map1a";"Map1a";2;"Clust.2";2.75981229164395e-23
"Rtp4";"Rtp4";2;"Clust.2";2.11057916437991e-06
"St8sia1";"St8sia1";2;"Clust.2";1.17259156114675e-90
"Kctd8";"Kctd8";2;"Clust.2";1.5675823238777e-12
"4932443I19Rik";"4932443I19Rik";2;"Clust.2";1.02928993927939e-56
"Dnaic1";"Dnaic1";2;"Clust.2";2.19292483832964e-57
"Maged2";"Maged2";2;"Clust.2";3.37126274499682e-05
"Iqcd";"Iqcd";2;"Clust.2";9.16868615665524e-64
"Foxa2";"Foxa2";2;"Clust.2";2.01185334093941e-30
"Efhb";"Efhb";2;"Clust.2";2.09082504156045e-54
"Vimp";"Vimp";2;"Clust.2";1.13192099311678e-19
"Pcm1";"Pcm1";2;"Clust.2";3.11063364312702e-77
"Gm15689";"Gm15689";2;"Clust.2";8.22712089563526e-57
"Cep126";"Cep126";2;"Clust.2";8.78434821478681e-122
"Scrn1";"Scrn1";2;"Clust.2";7.46876621854395e-06
"Slc4a2";"Slc4a2";2;"Clust.2";3.31492651294326e-64
"Ntf5";"Ntf5";2;"Clust.2";3.10179202021123e-19
"Tcp11l2";"Tcp11l2";2;"Clust.2";8.88053591480662e-35
"Ccdc151";"Ccdc151";2;"Clust.2";4.91141817084307e-84
"Negr1";"Negr1";2;"Clust.2";1.16151014564542e-34
"Rpgr";"Rpgr";2;"Clust.2";1.41942708342341e-98
"Spata18";"Spata18";2;"Clust.2";1.70850499107559e-32
"Mbnl2";"Mbnl2";2;"Clust.2";7.26860809836906e-36
"Dnah6";"Dnah6";2;"Clust.2";1.78257324144979e-60
"2610204G07Rik";"2610204G07Rik";2;"Clust.2";3.18325183216575e-33
"Smim14";"Smim14";2;"Clust.2";1.84048271827876e-25
"Akap9";"Akap9";2;"Clust.2";4.92873512208925e-13
"Nek5";"Nek5";2;"Clust.2";1.16526850550612e-55
"Fam46a";"Fam46a";2;"Clust.2";6.11959756016589e-28
"Gstm6";"Gstm6";2;"Clust.2";2.31389042341289e-45
"Ccdc173";"Ccdc173";2;"Clust.2";7.38145862381092e-93
"Dnah9";"Dnah9";2;"Clust.2";2.60914608321277e-55
"Ccdc180";"Ccdc180";2;"Clust.2";5.86609218975939e-42
"Adgrb3";"Adgrb3";2;"Clust.2";1.63867682561703e-36
"Hras";"Hras";2;"Clust.2";3.46316365706797e-102
"Mapk15";"Mapk15";2;"Clust.2";1.87035609634439e-94
"Gm973";"Gm973";2;"Clust.2";2.27107592728838e-45
"Ubb";"Ubb";2;"Clust.2";4.7120281801988e-35
"BC051142";"BC051142";2;"Clust.2";7.77430616588354e-07
"Rab11fip2";"Rab11fip2";2;"Clust.2";9.91865612512999e-11
"Eno4";"Eno4";2;"Clust.2";8.39697065898508e-61
"Stox1";"Stox1";2;"Clust.2";6.02423344682444e-41
"Tppp3";"Tppp3";2;"Clust.2";4.09538917475664e-42
"Sh2d3c";"Sh2d3c";2;"Clust.2";1.91761791690163e-19
"Galnt1";"Galnt1";2;"Clust.2";1.75847755755379e-122
"Penk";"Penk";2;"Clust.2";3.108170109234e-07
"Kif27";"Kif27";2;"Clust.2";3.80144550718547e-59
"Plin3";"Plin3";2;"Clust.2";3.65048015150376e-08
"Nek11";"Nek11";2;"Clust.2";9.54969893526688e-30
"Plppr4";"Plppr4";2;"Clust.2";4.44611492774967e-25
"Myo16";"Myo16";2;"Clust.2";1.67963620667039e-37
"Ptgds";"Ptgds";2;"Clust.2";4.02168627709702e-10
"Cep152";"Cep152";2;"Clust.2";1.89309901777223e-77
"H3f3a";"H3f3a";2;"Clust.2";2.40307367629897e-41
"Mdh1b";"Mdh1b";2;"Clust.2";2.13102451654467e-42
"Gm12144";"Gm12144";2;"Clust.2";3.99456201184522e-40
"Kcnq3";"Kcnq3";2;"Clust.2";9.70504446227523e-19
"Tmsb4x";"Tmsb4x";3;"Clust.3";4.11115062117287e-113
"Tubb3";"Tubb3";3;"Clust.3";6.82968264349414e-17
"Rtn1";"Rtn1";3;"Clust.3";6.5588775379003e-12
"Rspo1";"Rspo1";3;"Clust.3";4.41497707042824e-206
"Id3";"Id3";3;"Clust.3";4.18313886631132e-162
"Fabp7";"Fabp7";3;"Clust.3";3.66635802451035e-34
"Nnat";"Nnat";3;"Clust.3";1.94423925569586e-82
"Rspo3";"Rspo3";3;"Clust.3";1.21351551202423e-221
"Id1";"Id1";3;"Clust.3";2.8769813456765e-30
"Neurog2";"Neurog2";3;"Clust.3";6.10888021451627e-12
"Mpped2";"Mpped2";3;"Clust.3";1.19315939215431e-28
"Hes5";"Hes5";3;"Clust.3";2.22364991896102e-40
"2810417H13Rik";"2810417H13Rik";3;"Clust.3";1.62546083627052e-85
"Hes6";"Hes6";3;"Clust.3";2.21391100264437e-13
"Tuba1a";"Tuba1a";3;"Clust.3";7.14759861945676e-132
"Sox4";"Sox4";3;"Clust.3";3.32438203128508e-42
"Elavl4";"Elavl4";3;"Clust.3";1.29973446236244e-06
"Sox11";"Sox11";3;"Clust.3";2.24745883853438e-50
"Hist1h1b";"Hist1h1b";3;"Clust.3";3.60987631515314e-54
"Dll1";"Dll1";3;"Clust.3";7.65690689143983e-10
"Dpysl3";"Dpysl3";3;"Clust.3";4.04449411741495e-11
"Rspo2";"Rspo2";3;"Clust.3";8.54947222725298e-73
"Cenpw";"Cenpw";3;"Clust.3";1.51242454825112e-71
"Ldha";"Ldha";3;"Clust.3";3.89949607994619e-34
"Nr2f1";"Nr2f1";3;"Clust.3";1.14942153882958e-07
"Actb";"Actb";3;"Clust.3";4.08574181287446e-75
"Ckb";"Ckb";3;"Clust.3";4.26472055318168e-39
"Fam110a";"Fam110a";3;"Clust.3";6.44508907816843e-07
"Map1b";"Map1b";3;"Clust.3";2.60698459602142e-74
"Ptn";"Ptn";3;"Clust.3";1.52152551567362e-99
"eYFP";"eYFP";3;"Clust.3";5.11820562439125e-13
"Tagln3";"Tagln3";3;"Clust.3";1.04532761623769e-24
"Pcsk1n";"Pcsk1n";3;"Clust.3";1.35469556870991e-08
"Tubb2b";"Tubb2b";3;"Clust.3";1.84922977696586e-142
"Cotl1";"Cotl1";3;"Clust.3";9.65904725335272e-11
"Nfib";"Nfib";3;"Clust.3";1.54386684835875e-42
"Igfbpl1";"Igfbpl1";3;"Clust.3";1.71367792546809e-68
"Wnt8b";"Wnt8b";3;"Clust.3";2.38035514955928e-78
"Id2";"Id2";3;"Clust.3";1.74719286995218e-23
"Nav1";"Nav1";3;"Clust.3";2.82841161084591e-06
"Ank3";"Ank3";3;"Clust.3";2.17541560282595e-06
"Ptma";"Ptma";3;"Clust.3";1.34159045848974e-263
"Hmga2";"Hmga2";3;"Clust.3";6.60832074162553e-49
"Rrm2";"Rrm2";3;"Clust.3";9.37258244816836e-91
"Lmo2";"Lmo2";3;"Clust.3";2.34427419636555e-29
"Tubb5";"Tubb5";3;"Clust.3";0
"Mif";"Mif";3;"Clust.3";3.23993756854342e-106
"Cntnap2";"Cntnap2";3;"Clust.3";5.00143661103641e-63
"Cited2";"Cited2";3;"Clust.3";2.5520891155911e-45
"Ccnd2";"Ccnd2";3;"Clust.3";5.00906921912591e-125
"Socs2";"Socs2";3;"Clust.3";1.87246263753808e-52
"Stmn1";"Stmn1";3;"Clust.3";7.34577023186299e-286
"Rps2";"Rps2";3;"Clust.3";4.70592081775692e-121
"Wls";"Wls";3;"Clust.3";2.87306016822239e-36
"Mfng";"Mfng";3;"Clust.3";3.20717703643785e-10
"Fabp5";"Fabp5";3;"Clust.3";1.09235844746534e-180
"Btg2";"Btg2";3;"Clust.3";6.04590638402191e-16
"Hist3h2ba";"Hist3h2ba";3;"Clust.3";2.80728556773691e-63
"H2afz";"H2afz";3;"Clust.3";7.50682800520217e-20
"Tcf4";"Tcf4";3;"Clust.3";3.00583675193876e-19
"Junb";"Junb";3;"Clust.3";2.81633096089044e-07
"Tpbg";"Tpbg";3;"Clust.3";1.63139970084536e-29
"Rhoc";"Rhoc";3;"Clust.3";1.72723193949621e-48
"Nr4a2";"Nr4a2";3;"Clust.3";1.69263473292486e-35
"Tle1";"Tle1";3;"Clust.3";4.19768756531274e-25
"Pkm";"Pkm";3;"Clust.3";1.27191190928105e-174
"Gas1";"Gas1";3;"Clust.3";4.39339215794416e-89
"Elavl2";"Elavl2";3;"Clust.3";5.01733307027051e-33
"Basp1";"Basp1";3;"Clust.3";5.36405610731918e-64
"Wnt7b";"Wnt7b";3;"Clust.3";5.19708182389663e-48
"mt-Atp6";"mt-Atp6";3;"Clust.3";3.86765552059529e-09
"Bcl11b";"Bcl11b";3;"Clust.3";4.73250109677575e-07
"Gng3";"Gng3";3;"Clust.3";1.48577389142824e-05
"Jun";"Jun";3;"Clust.3";2.56597803145198e-07
"Lrp1b";"Lrp1b";3;"Clust.3";1.41993025815516e-69
"Soga3";"Soga3";3;"Clust.3";7.94348202582649e-12
"Tmsb10";"Tmsb10";3;"Clust.3";1.67896821008502e-175
"Trp53i11";"Trp53i11";3;"Clust.3";5.60791959206788e-19
"Ung";"Ung";3;"Clust.3";4.93525915800826e-34
"Btbd17";"Btbd17";3;"Clust.3";1.22573083895401e-07
"Bcl11a";"Bcl11a";3;"Clust.3";2.98303535932448e-41
"Dut";"Dut";3;"Clust.3";1.39966001559716e-175
"Tmem108";"Tmem108";3;"Clust.3";7.48595892618093e-18
"Cd24a";"Cd24a";3;"Clust.3";2.5655549451227e-42
"Rpsa";"Rpsa";3;"Clust.3";2.21139050270713e-227
"Nfix";"Nfix";3;"Clust.3";8.13998254106317e-33
"Cyba";"Cyba";3;"Clust.3";1.09948163369284e-11
"Ntrk2";"Ntrk2";3;"Clust.3";7.6854329581551e-12
"Igfbp4";"Igfbp4";3;"Clust.3";2.87569288736071e-05
"Ppp2r2b";"Ppp2r2b";3;"Clust.3";1.27450661437492e-37
"Msx2";"Msx2";3;"Clust.3";3.03189136394372e-16
"Ascl1";"Ascl1";3;"Clust.3";2.28880480666609e-14
"Sulf2";"Sulf2";3;"Clust.3";8.42142397858551e-49
"Ndn";"Ndn";3;"Clust.3";5.99954614778024e-12
"Rmst";"Rmst";3;"Clust.3";1.06871769120952e-30
"Wif1";"Wif1";3;"Clust.3";2.55200790533483e-05
"Fgfr3";"Fgfr3";3;"Clust.3";3.3806446244179e-05
"Gm3764";"Gm3764";3;"Clust.3";9.34196025350223e-68
"Tyms";"Tyms";3;"Clust.3";3.57599428210239e-88
"Rassf4";"Rassf4";3;"Clust.3";2.35481850491319e-29
"Mcm6";"Mcm6";3;"Clust.3";1.4623250693629e-74
"E330013P04Rik";"E330013P04Rik";3;"Clust.3";3.35433067741642e-36
"Hmgcs1";"Hmgcs1";3;"Clust.3";6.84919947288118e-25
"Fbxo5";"Fbxo5";3;"Clust.3";1.42376179210813e-74
"Dkk3";"Dkk3";3;"Clust.3";8.35789185076567e-06
"Lig1";"Lig1";3;"Clust.3";8.92161793588096e-16
"Rfxap";"Rfxap";3;"Clust.3";2.10427322874679e-29
"Khdrbs2";"Khdrbs2";3;"Clust.3";1.44992690389362e-15
"Ier5";"Ier5";3;"Clust.3";3.76303723790504e-10
"Emx1";"Emx1";3;"Clust.3";1.35220328307947e-07
"Sox2";"Sox2";3;"Clust.3";1.27464723699238e-70
"Slc1a3";"Slc1a3";3;"Clust.3";1.02238187655117e-29
"Gapdh";"Gapdh";3;"Clust.3";1.70472479697616e-232
"Mdk";"Mdk";3;"Clust.3";4.32170870830505e-97
"Nsg1";"Nsg1";3;"Clust.3";7.45374938196001e-32
"Npm1";"Npm1";3;"Clust.3";4.24109649678979e-176
"Jam3";"Jam3";3;"Clust.3";5.37207649273895e-15
"Klhl13";"Klhl13";3;"Clust.3";2.67496797880266e-23
"Sema6a";"Sema6a";3;"Clust.3";3.93068332097947e-07
"Gm2115";"Gm2115";3;"Clust.3";3.49941437018859e-09
"Chd7";"Chd7";3;"Clust.3";1.38683016301782e-20
"Tpi1";"Tpi1";3;"Clust.3";1.15827793397029e-09
"1810041L15Rik";"1810041L15Rik";3;"Clust.3";1.73612971124195e-08
"Pygl";"Pygl";3;"Clust.3";9.26056663785844e-21
"Psat1";"Psat1";3;"Clust.3";2.0265093726585e-14
"Sost";"Sost";3;"Clust.3";3.21997770845264e-13
"Eef1a1";"Eef1a1";3;"Clust.3";6.53686146471572e-74
"Nxn";"Nxn";3;"Clust.3";3.15908270271302e-22
"Msmo1";"Msmo1";3;"Clust.3";9.4845375109981e-08
"Runx1t1";"Runx1t1";3;"Clust.3";3.22122351043831e-34
"Nasp";"Nasp";3;"Clust.3";3.82561774278418e-249
"Nsg2";"Nsg2";3;"Clust.3";3.45682754420127e-29
"Epcam";"Epcam";3;"Clust.3";5.44427507818995e-21
"Mcm3";"Mcm3";3;"Clust.3";4.46414344410199e-43
"Zeb2";"Zeb2";3;"Clust.3";4.22368399793621e-05
"Scn3a";"Scn3a";3;"Clust.3";8.05778667323047e-16
"Kcnk2";"Kcnk2";3;"Clust.3";5.5405567673755e-14
"Ftl1";"Ftl1";3;"Clust.3";1.07800706407723e-60
"Fcgrt";"Fcgrt";3;"Clust.3";3.57195958826424e-07
"Cplx2";"Cplx2";3;"Clust.3";1.66373253435714e-06
"Fbln1";"Fbln1";3;"Clust.3";2.60080712446406e-18
"Ddit4";"Ddit4";3;"Clust.3";7.76544397694362e-06
"Anp32b";"Anp32b";3;"Clust.3";4.10683613716226e-212
"Rpgrip1";"Rpgrip1";3;"Clust.3";7.81993773371411e-06
"Lrrtm3";"Lrrtm3";3;"Clust.3";3.05156804464909e-29
"Ier5l";"Ier5l";3;"Clust.3";4.08154430919321e-25
"Rasgef1b";"Rasgef1b";3;"Clust.3";2.03019886361807e-05
"Mcm5";"Mcm5";3;"Clust.3";9.78362556767653e-82
"Sertm1";"Sertm1";3;"Clust.3";1.44826478242106e-21
"Gmnn";"Gmnn";3;"Clust.3";7.11525346491212e-72
"Wnt3a";"Wnt3a";3;"Clust.3";8.11959256954583e-47
"Flrt3";"Flrt3";3;"Clust.3";2.74072510068132e-30
"Bambi";"Bambi";3;"Clust.3";4.48281435669615e-08
"Enc1";"Enc1";3;"Clust.3";4.71676750975847e-08
"Ppia";"Ppia";3;"Clust.3";6.93309581979286e-35
"Vim";"Vim";3;"Clust.3";7.32662530648373e-111
"Nes";"Nes";3;"Clust.3";1.84164828961101e-37
"Galnt14";"Galnt14";3;"Clust.3";8.0071184639427e-34
"Dek";"Dek";3;"Clust.3";1.43858983126774e-23
"Dhfr";"Dhfr";3;"Clust.3";3.99009652728178e-60
"Rcor2";"Rcor2";3;"Clust.3";7.49190496147903e-16
"Asb4";"Asb4";3;"Clust.3";5.17122305033461e-20
"6330403K07Rik";"6330403K07Rik";3;"Clust.3";1.93971201238726e-28
"Zfp36l1";"Zfp36l1";3;"Clust.3";9.570587351983e-75
"Spsb4";"Spsb4";3;"Clust.3";1.05366439508485e-06
"Clspn";"Clspn";3;"Clust.3";9.35819881223569e-41
"Edil3";"Edil3";3;"Clust.3";6.98284285702112e-16
"Mafb";"Mafb";3;"Clust.3";2.49380041976045e-23
"Dcc";"Dcc";3;"Clust.3";1.73264730710998e-06
"Rpa2";"Rpa2";3;"Clust.3";1.24311597442644e-82
"Axin2";"Axin2";3;"Clust.3";4.29387596595131e-31
"Eno1";"Eno1";3;"Clust.3";3.9263679248781e-38
"Uchl1";"Uchl1";3;"Clust.3";4.49537817416989e-19
"Slbp";"Slbp";3;"Clust.3";6.3895997514246e-18
"Ppp1r14b";"Ppp1r14b";3;"Clust.3";1.12204449570397e-107
"Sp5";"Sp5";3;"Clust.3";3.99199016757524e-13
"Tpm2";"Tpm2";3;"Clust.3";9.82499535693497e-06
"Idi1";"Idi1";3;"Clust.3";4.26740158343375e-14
"Flrt1";"Flrt1";3;"Clust.3";6.81300174863772e-10
"Ncl";"Ncl";3;"Clust.3";2.81024581633238e-09
"Mapre2";"Mapre2";3;"Clust.3";2.32109488273889e-53
"Igsf21";"Igsf21";3;"Clust.3";9.9672185054411e-09
"Uhrf1";"Uhrf1";3;"Clust.3";2.13970785810288e-67
"Hes1";"Hes1";3;"Clust.3";2.59348370432979e-08
"Syt11";"Syt11";3;"Clust.3";1.08073001947531e-06
"Emx2";"Emx2";3;"Clust.3";5.29457442397643e-27
"Chaf1b";"Chaf1b";3;"Clust.3";6.5542870871754e-10
"Rps8";"Rps8";3;"Clust.3";6.87567586928728e-150
"Tk1";"Tk1";3;"Clust.3";9.10679507779141e-53
"Pgam1";"Pgam1";3;"Clust.3";4.42377470424862e-06
"Dctpp1";"Dctpp1";3;"Clust.3";3.01106957537991e-104
"Rgs2";"Rgs2";3;"Clust.3";1.3032940298309e-38
"Hsp90ab1";"Hsp90ab1";3;"Clust.3";5.54038539000778e-15
"Pcbp4";"Pcbp4";3;"Clust.3";1.29581127046989e-34
"Cdc6";"Cdc6";3;"Clust.3";4.65920079033689e-23
"Atad2";"Atad2";3;"Clust.3";1.66040480567075e-43
"Hspd1";"Hspd1";3;"Clust.3";1.1147726669405e-27
"Rplp1";"Rplp1";3;"Clust.3";1.80640128301899e-104
"Dpysl2";"Dpysl2";3;"Clust.3";2.73447435130726e-51
"Ptms";"Ptms";3;"Clust.3";1.27154218897025e-52
"Mcm4";"Mcm4";3;"Clust.3";2.7010631625599e-74
"Fdps";"Fdps";3;"Clust.3";2.61540858370731e-12
"Hist3h2a";"Hist3h2a";3;"Clust.3";1.1184505583288e-05
"Wnt9a";"Wnt9a";3;"Clust.3";1.13465940817403e-27
"Mcm7";"Mcm7";3;"Clust.3";7.88466292530543e-74
"Cdv3";"Cdv3";3;"Clust.3";2.80370511600611e-82
"Lpl";"Lpl";3;"Clust.3";9.41037842679615e-20
"Cachd1";"Cachd1";3;"Clust.3";1.27169726111077e-10
"Cmip";"Cmip";3;"Clust.3";9.88112706718854e-10
"Dlx5";"Dlx5";3;"Clust.3";4.71662775044856e-06
"Hells";"Hells";3;"Clust.3";1.87512181741801e-39
"Thra";"Thra";3;"Clust.3";2.48033999443516e-19
"Rnf165";"Rnf165";3;"Clust.3";5.00734565251911e-27
"Srm";"Srm";3;"Clust.3";7.68495178690396e-26
"Homer2";"Homer2";3;"Clust.3";5.67399823489967e-14
"Mycn";"Mycn";3;"Clust.3";6.05805199719925e-16
"Cdca7";"Cdca7";3;"Clust.3";8.04878167027577e-52
"Dnajc9";"Dnajc9";3;"Clust.3";2.78996325564837e-115
"Rps20";"Rps20";3;"Clust.3";3.56448031574589e-161
"Sept4";"Sept4";3;"Clust.3";8.39015261926307e-29
"AI854517";"AI854517";3;"Clust.3";2.07689877024332e-52
"Rpl32";"Rpl32";3;"Clust.3";8.91865803977044e-102
"Erdr1";"Erdr1";3;"Clust.3";8.5315794094869e-10
"Snhg12";"Snhg12";3;"Clust.3";9.1098485115728e-06
"Auts2";"Auts2";3;"Clust.3";1.62305957257238e-21
"Rad51";"Rad51";3;"Clust.3";5.34157671936211e-45
"Rpl29";"Rpl29";3;"Clust.3";6.74548159529368e-08
"Ran";"Ran";3;"Clust.3";5.78240782688955e-114
"Ddah2";"Ddah2";3;"Clust.3";2.76290341164832e-84
"Phgdh";"Phgdh";3;"Clust.3";4.80329532905363e-120
"Ldb2";"Ldb2";3;"Clust.3";1.16943881826193e-35
"Nrip1";"Nrip1";3;"Clust.3";5.07149395193323e-14
"Eif5a";"Eif5a";3;"Clust.3";1.29829063094163e-07
"Col11a1";"Col11a1";3;"Clust.3";8.05906657994092e-06
"Ccdc3";"Ccdc3";3;"Clust.3";1.06187647386308e-13
"Vldlr";"Vldlr";3;"Clust.3";9.90656758371655e-14
"Gng2";"Gng2";3;"Clust.3";7.29940608707504e-07
"Fam204a";"Fam204a";3;"Clust.3";2.62874208311968e-10
"Tkt";"Tkt";3;"Clust.3";5.92779533548781e-70
"Efnb1";"Efnb1";3;"Clust.3";6.64873794004302e-20
"Ier2";"Ier2";3;"Clust.3";7.18823791883625e-17
"Cux2";"Cux2";3;"Clust.3";1.74055838496604e-24
"Ptp4a3";"Ptp4a3";3;"Clust.3";2.14189500223005e-05
"Pmepa1";"Pmepa1";3;"Clust.3";5.0603478747198e-14
"Siva1";"Siva1";3;"Clust.3";3.6203515618611e-128
"Rasl11b";"Rasl11b";3;"Clust.3";5.01920944984959e-10
"Tmem132c";"Tmem132c";3;"Clust.3";3.54602713073724e-41
"Prdx6";"Prdx6";3;"Clust.3";1.40479803578281e-39
"Sgk1";"Sgk1";3;"Clust.3";9.19386886108512e-12
"Gm17750";"Gm17750";3;"Clust.3";3.98666082096074e-15
"Hspe1";"Hspe1";3;"Clust.3";1.83480357814656e-27
"Fzd10";"Fzd10";3;"Clust.3";2.97720762013526e-16
"Tfap2c";"Tfap2c";3;"Clust.3";2.3350299523505e-06
"Fam111a";"Fam111a";3;"Clust.3";1.37325250522887e-39
"Zic3";"Zic3";3;"Clust.3";3.80290130441359e-16
"Ralgps2";"Ralgps2";3;"Clust.3";4.59138630734455e-10
"Hmgb1";"Hmgb1";3;"Clust.3";2.07849995109541e-195
"Hspb8";"Hspb8";3;"Clust.3";7.65171787975017e-28
"Mtcl1";"Mtcl1";3;"Clust.3";1.51360621589737e-05
"Kif26b";"Kif26b";3;"Clust.3";4.95457145952557e-07
"Rfx4";"Rfx4";3;"Clust.3";5.53231698995578e-39
"Dtl";"Dtl";3;"Clust.3";6.90670839367581e-07
"Cyp51";"Cyp51";3;"Clust.3";3.33394449238136e-22
"Igfbp5";"Igfbp5";3;"Clust.3";6.08571953300022e-26
"Tox3";"Tox3";3;"Clust.3";1.22995547119276e-16
"Bfsp2";"Bfsp2";3;"Clust.3";1.69091553033773e-05
"Rps27a";"Rps27a";3;"Clust.3";2.52330343152131e-85
"Fen1";"Fen1";3;"Clust.3";1.64770528437464e-31
"Tipin";"Tipin";3;"Clust.3";6.29779463574036e-66
"Unc5c";"Unc5c";3;"Clust.3";5.729747163037e-10
"Mcm2";"Mcm2";3;"Clust.3";8.81694593636844e-69
"Nmral1";"Nmral1";3;"Clust.3";5.02733136025496e-97
"Zfp462";"Zfp462";3;"Clust.3";3.63079037515345e-19
"Slc2a1";"Slc2a1";3;"Clust.3";2.9528839542601e-10
"Cblb";"Cblb";3;"Clust.3";1.11936534535636e-07
"Dbn1";"Dbn1";3;"Clust.3";4.15972039551394e-48
"Hsd11b2";"Hsd11b2";3;"Clust.3";3.93688616081248e-21
"2700060E02Rik";"2700060E02Rik";3;"Clust.3";1.71338280163195e-16
"H2afv";"H2afv";3;"Clust.3";3.43311833195313e-124
"Cenpv";"Cenpv";3;"Clust.3";3.15208160423063e-14
"Usp1";"Usp1";3;"Clust.3";9.77090186441653e-117
"Rpl12";"Rpl12";3;"Clust.3";4.57504921215155e-101
"Pard3";"Pard3";3;"Clust.3";5.50033101922497e-13
"Casz1";"Casz1";3;"Clust.3";3.52123686892484e-05
"Pcna";"Pcna";3;"Clust.3";9.06123358354613e-27
"D030055H07Rik";"D030055H07Rik";3;"Clust.3";1.96003827551415e-11
"Pfkl";"Pfkl";3;"Clust.3";6.47977551216439e-22
"Dmrta2";"Dmrta2";3;"Clust.3";1.95961576015798e-15
"Hist1h2ap";"Hist1h2ap";3;"Clust.3";1.70689751594737e-26
"E2f1";"E2f1";3;"Clust.3";2.66106936379936e-22
"Cdk6";"Cdk6";3;"Clust.3";5.67440306762424e-15
"Nop56";"Nop56";3;"Clust.3";1.93144042888053e-42
"Epha4";"Epha4";3;"Clust.3";1.00278163188796e-67
"Pam";"Pam";3;"Clust.3";3.76270369907347e-05
"Ptpre";"Ptpre";3;"Clust.3";3.00830433685349e-05
"Gpx1";"Gpx1";3;"Clust.3";1.94819582498778e-21
"Gins2";"Gins2";3;"Clust.3";5.70594967841452e-17
"Sel1l3";"Sel1l3";3;"Clust.3";1.5854777895306e-05
"Mid1ip1";"Mid1ip1";3;"Clust.3";8.45815971778473e-13
"Hat1";"Hat1";3;"Clust.3";4.17818506872176e-07
"Mgst3";"Mgst3";3;"Clust.3";4.32248181983143e-08
"Btg1";"Btg1";3;"Clust.3";9.73252750685141e-10
"Cntn5";"Cntn5";3;"Clust.3";1.20018056693222e-15
"Apba2";"Apba2";3;"Clust.3";6.90129433820628e-07
"Stx3";"Stx3";3;"Clust.3";2.54430656084358e-08
"Gnai2";"Gnai2";3;"Clust.3";2.88901986381604e-45
"Mycl";"Mycl";3;"Clust.3";7.99942583222025e-11
"Fez1";"Fez1";3;"Clust.3";6.17136497821752e-38
"Sbk1";"Sbk1";3;"Clust.3";6.39065531463744e-08
"Rrm1";"Rrm1";3;"Clust.3";2.4757811672439e-11
"Rpl41";"Rpl41";3;"Clust.3";2.11267754796425e-68
"Lmnb1";"Lmnb1";3;"Clust.3";4.77147126720105e-99
"Tenm4";"Tenm4";3;"Clust.3";1.09683298179604e-06
"Cacng4";"Cacng4";3;"Clust.3";4.82440637805921e-33
"Acat2";"Acat2";3;"Clust.3";3.98796161912948e-42
"Kit";"Kit";3;"Clust.3";1.05571228561107e-06
"Spaca6";"Spaca6";3;"Clust.3";6.25493999048217e-06
"Rps4x";"Rps4x";3;"Clust.3";1.13860745940908e-98
"Cdt1";"Cdt1";3;"Clust.3";1.71530526673282e-06
"Hs2st1";"Hs2st1";3;"Clust.3";1.67182317889294e-25
"Zfos1";"Zfos1";3;"Clust.3";8.11136838489777e-20
"Ppp3ca";"Ppp3ca";3;"Clust.3";6.22883685376778e-07
"Gt(ROSA)26Sor";"Gt(ROSA)26Sor";3;"Clust.3";1.56019277647633e-07
"Cdc45";"Cdc45";3;"Clust.3";4.6425900020282e-31
"Lgals1";"Lgals1";4;"Clust.4";3.35360744523709e-12
"Ube2c";"Ube2c";4;"Clust.4";6.08134798126733e-78
"Cenpf";"Cenpf";4;"Clust.4";1.50628802548976e-25
"Meg3";"Meg3";4;"Clust.4";1.81425116954749e-77
"Otx2";"Otx2";4;"Clust.4";9.85321727762128e-28
"Top2a";"Top2a";4;"Clust.4";8.4097041835647e-32
"Cdc20";"Cdc20";4;"Clust.4";1.85274155099012e-12
"Arl6ip1";"Arl6ip1";4;"Clust.4";4.98495717710509e-44
"Dab2";"Dab2";4;"Clust.4";9.25156191172969e-06
"Msx1";"Msx1";4;"Clust.4";1.26683695351453e-16
"Ccnb1";"Ccnb1";4;"Clust.4";4.01774234616174e-37
"Hmgb2";"Hmgb2";4;"Clust.4";3.6069147969166e-81
"Nrn1";"Nrn1";4;"Clust.4";1.73786973978899e-14
"Prc1";"Prc1";4;"Clust.4";1.0458046753375e-19
"Cenpa";"Cenpa";4;"Clust.4";1.96671913165523e-57
"Actg1";"Actg1";4;"Clust.4";1.54816148795512e-83
"Klf7";"Klf7";4;"Clust.4";4.852264829573e-38
"Nr2f2";"Nr2f2";4;"Clust.4";1.41530831254905e-50
"Gadd45a";"Gadd45a";4;"Clust.4";2.61352479709258e-05
"Six3";"Six3";4;"Clust.4";2.74444108410447e-33
"Cdca8";"Cdca8";4;"Clust.4";4.26993367264256e-41
"Tpx2";"Tpx2";4;"Clust.4";9.50078975087346e-47
"Nusap1";"Nusap1";4;"Clust.4";9.95763075100822e-65
"Cenpe";"Cenpe";4;"Clust.4";3.09966629553968e-21
"Mki67";"Mki67";4;"Clust.4";1.01247633022186e-63
"Birc5";"Birc5";4;"Clust.4";6.00348954330009e-69
"Rprm";"Rprm";4;"Clust.4";1.32101593176588e-25
"Zic1";"Zic1";4;"Clust.4";3.11532828523012e-40
"Sfrp1";"Sfrp1";4;"Clust.4";1.41555736394073e-11
"Ptx3";"Ptx3";4;"Clust.4";4.17354854125695e-06
"Ccnb2";"Ccnb2";4;"Clust.4";4.65099234200727e-43
"Hmmr";"Hmmr";4;"Clust.4";1.90607106344733e-48
"Anxa3";"Anxa3";4;"Clust.4";1.53892830405078e-16
"H1fx";"H1fx";4;"Clust.4";3.38646790741703e-93
"Car14";"Car14";4;"Clust.4";1.6695991153772e-81
"H1f0";"H1f0";4;"Clust.4";3.73203591949189e-125
"Zfp503";"Zfp503";4;"Clust.4";4.54208113483004e-10
"Vcan";"Vcan";4;"Clust.4";1.72668011024745e-16
"Bmp4";"Bmp4";4;"Clust.4";4.30977872697027e-10
"B4galt6";"B4galt6";4;"Clust.4";1.07351195540384e-14
"Lhx5";"Lhx5";4;"Clust.4";9.32112757653837e-14
"Plk1";"Plk1";4;"Clust.4";2.87764451432709e-36
"Ccna2";"Ccna2";4;"Clust.4";7.67872926448808e-98
"Cdca3";"Cdca3";4;"Clust.4";1.1013534338544e-75
"Aurka";"Aurka";4;"Clust.4";7.86471469926302e-07
"Mecom";"Mecom";4;"Clust.4";3.97221413416125e-22
"Ncam1";"Ncam1";4;"Clust.4";9.90540529437715e-08
"Peg3";"Peg3";4;"Clust.4";1.68674186805637e-12
"Pgap1";"Pgap1";4;"Clust.4";1.44714485668139e-12
"Spc25";"Spc25";4;"Clust.4";1.64661191835745e-23
"Fam64a";"Fam64a";4;"Clust.4";2.60102385425984e-64
"Hist1h2ae";"Hist1h2ae";4;"Clust.4";2.81966335204491e-40
"Incenp";"Incenp";4;"Clust.4";2.17893847451835e-33
"Tpm1";"Tpm1";4;"Clust.4";2.34498763252805e-23
"Fezf2";"Fezf2";4;"Clust.4";2.50185193649407e-11
"Tubb2a";"Tubb2a";4;"Clust.4";4.71802963134114e-05
"Fam181b";"Fam181b";4;"Clust.4";9.30005023484782e-09
"Hn1";"Hn1";4;"Clust.4";1.20598735302947e-183
"Smc2";"Smc2";4;"Clust.4";9.03281602498386e-36
"Epb41l4a";"Epb41l4a";4;"Clust.4";2.16211610223636e-33
"Tacc3";"Tacc3";4;"Clust.4";3.90179918340446e-34
"Mis18bp1";"Mis18bp1";4;"Clust.4";5.6650744915222e-28
"Aspm";"Aspm";4;"Clust.4";9.97133418854627e-32
"Aldoa";"Aldoa";4;"Clust.4";4.52582334090945e-20
"Tuba1c";"Tuba1c";4;"Clust.4";1.40821317247325e-32
"Chst2";"Chst2";4;"Clust.4";1.50472841272789e-05
"Aurkb";"Aurkb";4;"Clust.4";1.94507738617983e-58
"Zic5";"Zic5";4;"Clust.4";5.48793983766072e-43
"Knstrn";"Knstrn";4;"Clust.4";4.03011958210232e-38
"Bach2";"Bach2";4;"Clust.4";1.0352358010072e-05
"Racgap1";"Racgap1";4;"Clust.4";4.00817413543351e-45
"Kif22";"Kif22";4;"Clust.4";4.96626981735667e-39
"Hspa5";"Hspa5";4;"Clust.4";3.59590538028879e-36
"Fstl1";"Fstl1";4;"Clust.4";1.19654960162154e-11
"Hsp90b1";"Hsp90b1";4;"Clust.4";1.94763716924049e-26
"Pbk";"Pbk";4;"Clust.4";1.5888305323028e-42
"Islr";"Islr";4;"Clust.4";2.65313588920077e-05
"Psrc1";"Psrc1";4;"Clust.4";3.09113167875226e-45
"Bub3";"Bub3";4;"Clust.4";9.23241017336997e-11
"H3f3b";"H3f3b";4;"Clust.4";1.03627173659881e-36
"Kif11";"Kif11";4;"Clust.4";6.06631986518705e-47
"Calr";"Calr";4;"Clust.4";1.86796485945909e-57
"Nefm";"Nefm";4;"Clust.4";2.11022790708098e-15
"Cdca2";"Cdca2";4;"Clust.4";4.30615754538778e-25
"Chst1";"Chst1";4;"Clust.4";4.93230996836037e-15
"Kif20b";"Kif20b";4;"Clust.4";2.47592505546267e-10
"Tuba1b";"Tuba1b";4;"Clust.4";1.03163847454997e-20
"Sgol2a";"Sgol2a";4;"Clust.4";3.61106893236912e-19
"Spc24";"Spc24";4;"Clust.4";7.98159241214231e-76
"Kif2c";"Kif2c";4;"Clust.4";1.24562114840223e-33
"Hist1h1e";"Hist1h1e";4;"Clust.4";1.23052174558964e-25
"Bub1b";"Bub1b";4;"Clust.4";3.21257752256125e-22
"Ckap2l";"Ckap2l";4;"Clust.4";1.83317673773474e-30
"Arl4c";"Arl4c";4;"Clust.4";9.82035627488219e-06
"Cdh11";"Cdh11";4;"Clust.4";3.39274870167786e-07
"Casc5";"Casc5";4;"Clust.4";3.54331789378942e-08
"Sapcd2";"Sapcd2";4;"Clust.4";5.68041816821583e-39
"Cdc25b";"Cdc25b";4;"Clust.4";8.55128253507437e-15
"Fras1";"Fras1";4;"Clust.4";4.42455830591352e-05
"Kcnk1";"Kcnk1";4;"Clust.4";7.51780868505181e-19
"Galnt7";"Galnt7";4;"Clust.4";1.22850320087691e-42
"Kif23";"Kif23";4;"Clust.4";1.98851112465561e-56
"Nucks1";"Nucks1";4;"Clust.4";1.2647776297864e-113
"Blvrb";"Blvrb";4;"Clust.4";1.48890607674399e-08
"Lockd";"Lockd";4;"Clust.4";4.43030409595197e-52
"Esco2";"Esco2";4;"Clust.4";1.49458132893709e-48
"Cks1b";"Cks1b";4;"Clust.4";1.09658549289572e-07
"Nde1";"Nde1";4;"Clust.4";3.94636996807076e-65
"Hand2";"Hand2";4;"Clust.4";2.81840426518274e-07
"Fign";"Fign";4;"Clust.4";1.73002096424089e-17
"Mfge8";"Mfge8";4;"Clust.4";4.04355901893724e-12
"Zic2";"Zic2";4;"Clust.4";6.94264067868852e-14
"Rangap1";"Rangap1";4;"Clust.4";2.49817422483231e-14
"Pdgfra";"Pdgfra";4;"Clust.4";5.43343477270748e-15
"Amotl2";"Amotl2";4;"Clust.4";1.74351222542131e-06
"Foxp2";"Foxp2";4;"Clust.4";1.74970962588358e-19
"Dlgap5";"Dlgap5";4;"Clust.4";4.51160830130219e-14
"Klf6";"Klf6";4;"Clust.4";2.87569288736071e-05
"Dusp1";"Dusp1";4;"Clust.4";9.15992410791297e-12
"Pgrmc1";"Pgrmc1";4;"Clust.4";1.73196002557491e-13
"Tshz2";"Tshz2";4;"Clust.4";2.14869347254884e-06
"Lrrn3";"Lrrn3";4;"Clust.4";4.03609225701974e-10
"Ccnf";"Ccnf";4;"Clust.4";1.5608117108743e-32
"Ckap5";"Ckap5";4;"Clust.4";8.16151180362425e-11
"Kdr";"Kdr";4;"Clust.4";5.1295113065378e-13
"A930011G23Rik";"A930011G23Rik";4;"Clust.4";8.12659301330161e-10
"Ifi30";"Ifi30";4;"Clust.4";3.85473154844423e-12
"Sema6c";"Sema6c";4;"Clust.4";7.59162041892368e-06
"Fgfr2";"Fgfr2";4;"Clust.4";4.94650958287969e-27
"Fam83d";"Fam83d";4;"Clust.4";1.20377444319402e-28
"Ctgf";"Ctgf";4;"Clust.4";4.90059703460883e-13
"Nenf";"Nenf";4;"Clust.4";9.11290262777073e-09
"Ect2";"Ect2";4;"Clust.4";3.32982185456135e-06
"Ckap2";"Ckap2";4;"Clust.4";7.99884019079404e-44
"Grn";"Grn";4;"Clust.4";1.16741165247901e-28
"S1pr3";"S1pr3";4;"Clust.4";1.40615991350397e-08
"Adgrl3";"Adgrl3";4;"Clust.4";7.32749628299233e-06
"Kif20a";"Kif20a";4;"Clust.4";1.63993220713711e-06
"Pdlim7";"Pdlim7";4;"Clust.4";7.38897709989367e-34
"Kif4";"Kif4";4;"Clust.4";2.0684344972164e-41
"Cxxc4";"Cxxc4";4;"Clust.4";2.73801687114687e-05
"Kif15";"Kif15";4;"Clust.4";3.98796161912948e-42
"Fzr1";"Fzr1";4;"Clust.4";1.20062841321766e-18
"Bcl2";"Bcl2";4;"Clust.4";1.24797728466387e-19
"Ncapg";"Ncapg";4;"Clust.4";1.20020757171537e-38
"Ppic";"Ppic";4;"Clust.4";8.66493446551524e-25
"Pdia6";"Pdia6";4;"Clust.4";3.32615447924622e-28
"Pax6";"Pax6";4;"Clust.4";2.4417909939104e-30
"Sdk2";"Sdk2";4;"Clust.4";3.06709872997414e-17
"Pik3r1";"Pik3r1";4;"Clust.4";1.93637745611872e-08
"Cdc25c";"Cdc25c";4;"Clust.4";4.94119307581543e-26
"Cdkn3";"Cdkn3";4;"Clust.4";3.33723202801055e-24
"Ndc80";"Ndc80";4;"Clust.4";3.98190109808343e-12
"Mgst1";"Mgst1";4;"Clust.4";1.71530526673282e-06
"Bub1";"Bub1";4;"Clust.4";1.1318038991785e-16
"Tes";"Tes";4;"Clust.4";2.99231865462714e-13
"Gas2l3";"Gas2l3";4;"Clust.4";9.75618817092854e-13
